qid,academic_degree_1,academic_degree_2,allmovie_artist_id,allocin_person_id,archives_at,artnet_artist_id,award_received_01,award_received_01_qualifier,award_received_02,award_received_02_qualifier,award_received_03,award_received_03_qualifier,award_received_04,award_received_04_qualifier,award_received_05,award_received_05_qualifier,award_received_06,award_received_06_qualifier,award_received_07,award_received_07_qualifier,award_received_08,award_received_08_qualifier,award_received_09,award_received_09_qualifier,award_received_10,award_received_10_qualifier,award_received_11,award_received_11_qualifier,award_received_12,award_received_12_qualifier,award_received_13,award_received_13_qualifier,award_received_14,award_received_14_qualifier,award_received_15,award_received_15_qualifier,award_received_16,award_received_16_qualifier,award_received_17,award_received_18,award_received_19,award_received_20,award_received_21,award_received_22,award_received_23,award_received_24,award_received_25,award_received_26,award_received_27,award_received_27_qualifier,babelio_author_id,babelnet_id,ballotpedia_id,bbc_things_id,biblionet_author_id,bibsys_id,birth_name,blood_type,bna_authority_id,bnc_id,bne_id,bnf_id,british_museum_person_institution,c_span_person_id,cantic_id,carnegie_hall_agent_id,cause_of_death_1,cause_of_death_1_qualifier,cause_of_death_2,child_1,child_2,child_3,child_4,child_5,cinemagia_actor_id,cinii_author_id,commons_category,commons_creator_page,commons_gallery,conflict,conor_id,convicted_of,convicted_of_qualifier,country_of_citizenship,country_of_citizenship_qualifier,cths_person_id,dagens_nyheter_topic_id,date_of_birth,date_of_death,depicted_by,described_by_source_1,described_by_source_1_qualifier,described_by_source_2,described_by_source_2_qualifier,described_by_source_3,described_by_source_3_qualifier,described_by_source_4,described_by_source_5,deutsche_synchronkartei_actor_id,dialnet_author_id,different_from,discogs_artist_id,dmoz_id,dmoz_id_qualifier,dnf_person_id,edb_person_id,educated_at_1,educated_at_1_qualifier,educated_at_2,educated_at_2_qualifier,educated_at_3,educated_at_3_qualifier,educated_at_4,educated_at_4_qualifier,educated_at_5,educated_at_5_qualifier,educated_at_6,educated_at_6_qualifier,egaxa_id,elfilm_person_id,elonet_person_id,employer_1,employer_1_qualifier,employer_2,employer_2_qualifier,employer_3,employer_4,employer_4_qualifier,employer_5,encyclopdia_britannica_online_id,ethnic_group_1,ethnic_group_2,ethnic_group_3,ethnic_group_4,facebook_profile_id,family,family_name,fast_id,father,filmography,filmportal_id,filmweb.pl_id,find_a_grave_memorial_id,freebase_id,genealogics.org_person_id,geni.com_profile_id,given_name_1,given_name_1_qualifier,given_name_2,given_name_2_qualifier,given_name_3,gnd_id,google+_id,gran_enciclopdia_catalana_id,gravsted.dk_id,great_russian_encyclopedia_online_id,gtaa_id,guardian_topic_id,handedness,has_pet_1,has_pet_2,height,height_qualifier,image_1,image_1_qualifier,image_2,image_2_qualifier,image_3,image_3_qualifier,image_4,image_4_qualifier,image_of_grave,imdb_id,influenced_by_1,influenced_by_2,influenced_by_3,instagram_username,instance_of,instrument,isni_1,isni_2,kinopoisk_person_id,lac_id,"languages_spoken,_written_or_signed_1","languages_spoken,_written_or_signed_2","languages_spoken,_written_or_signed_3",les_archives_du_spectacle_id,library_of_congress_authority_id_1,library_of_congress_authority_id_2,lifestyle,linkedin_personal_profile_url,lnb_id,manner_of_death,mass_1,mass_1_qualifier,mass_2,mass_2_qualifier,medical_condition_1,medical_condition_1_qualifier,medical_condition_2,medical_condition_2_qualifier,medical_condition_3,member_of_1,member_of_2,member_of_3,member_of_4,member_of_political_party_1,member_of_political_party_1_qualifier,member_of_political_party_2,member_of_political_party_2_qualifier,metacritic_id,military_branch,military_branch_qualifier,military_rank,military_rank_qualifier,models.com_person_id,mother,munzinger_iba,musicbrainz_artist_id,name_in_native_language,national_library_of_greece_id,national_library_of_israel_id_1,national_library_of_israel_id_2,national_portrait_gallery_(london)_person_id,national_thesaurus_for_author_names_id,native_language,native_language_qualifier,ncl_id,ndl_auth_id,ne.se_id,nickname,nkcr_aut_id,nla_(australia)_id,nlc_authorities,nlp_id,nlr_(romania)_id,nndb_people_id,nobel_prize_id,nominated_for_1,nominated_for_1_qualifier,nominated_for_2,nominated_for_2_qualifier,nsk_id,nukat_(warsawu)_authorities,number_of_children,nyt_topic_id,occupation_01,occupation_02,occupation_02_qualifier,occupation_03,occupation_03_qualifier,occupation_04,occupation_04_qualifier,occupation_05,occupation_06,occupation_07,occupation_08,occupation_09,occupation_10,occupation_11,official_name,official_website_1,official_website_2,omni_topic_id,online_books_page_author_id,open_library_id,openmlol_author_id_1,openmlol_author_id_2,openmlol_author_id_3,openmlol_author_id_4,openplaques_subject_id,opensecrets_people_id,parlement_&_politiek_id,part_of_1,part_of_2,part_of_3,people_australia_id,perlentaucher_id,permanent_duplicated_item,perse_author_id,place_of_birth_1,place_of_birth_1_qualifier,place_of_birth_2,place_of_birth_2_qualifier,place_of_death,place_of_interment_1,place_of_interment_2,pm20_folder_id,politifact_personality_id,port_person_id,position_held_1,position_held_1_qualifier,position_held_2,position_held_2_qualifier,position_held_3,position_held_3_qualifier,position_held_4,position_held_4_qualifier,position_held_5,position_held_5_qualifier,position_held_6,position_held_6_qualifier,prisma_id,project_gutenberg_author_id,pronunciation_audio,pronunciation_audio_qualifier,ptbnp_id_1,ptbnp_id_2,quora_topic_id,quora_username,reddit_user_name,relative_1,relative_1_qualifier,relative_2,relative_2_qualifier,relative_3,relative_3_qualifier,relative_4,relative_4_qualifier,relative_5,relative_5_qualifier,relative_6,relative_6_qualifier,relative_7,relative_7_qualifier,relative_8,relative_8_qualifier,relative_9,relative_9_qualifier,religion_1,religion_1_qualifier,religion_2,religion_2_qualifier,religion_3,religion_4,residence_1,residence_1_qualifier,residence_2,residence_2_qualifier,residence_3,residence_3_qualifier,residence_4,residence_4_qualifier,residence_5,residence_5_qualifier,residence_6,residence_6_qualifier,residence_7,residence_7_qualifier,residence_8,residence_9,residence_9_qualifier,rkdartists_id,rodovid_id,rotten_tomatoes_id,sbn_id,scope.dk_person_id,selibr,sex_or_gender,sfdb_person_id,sibling_1,sibling_1_qualifier,sibling_2,sibling_2_qualifier,sibling_3,sibling_3_qualifier,sibling_4,sibling_4_qualifier,sibling_5,sibling_5_qualifier,sibling_6,sibling_6_qualifier,sibling_7,sibling_7_qualifier,sibling_8,sibling_8_qualifier,signature,significant_event_1,significant_event_2,significant_event_3,snac_ark_id,songkick_artist_id,spouse_1,spouse_1_qualifier,spouse_2,spouse_2_qualifier,stepparent_1,stepparent_2,subreddit,sudoc_authorities,ted_speaker_id,topic's_main_category,topic's_main_template,topic's_main_wikimedia_portal,tv.com_id,twitter_username_1,twitter_username_1_qualifier,twitter_username_2,twitter_username_2_qualifier,ulan_id,us_congress_bio_id,us_federal_election_commission_id_1,us_federal_election_commission_id_2,us_national_archives_identifier,uses,uses_qualifier,viaf_id_1,viaf_id_2,vote_smart_id,werelate_person_id,wikitree_person_id,work_location_1,work_location_2,world_golf_hall_of_fame_player_id,wsj_topic_id,youtube_channel_id,youtube_channel_id_qualifier,sfd_person_id
Q1124,,,p13700,37686,"Clinton Presidential Center",,"Charlemagne Prize","point in time = 2000-06-02","grand cross of the Order of the White Lion",,"Four Freedoms Award - Freedom Medal",,"Philadelphia Liberty Medal",,"Freedom Award",,"Sergio Vieira de Mello Citizen of the World",,"James Parks Morton Interfaith Award",,"NAACP Image Award – President's Award","point in time = 2000","TED Prize","point in time = 2006; prize money = 100000","Academy of Achievement's Golden Plate Award",,"Doublespeak Award",,"Grand Cross of the National Order of Honor and Merit","point in time = 2010","Presidential Medal of Freedom",,"Fulbright Prize","point in time = 2005","Order of Logohu",,"Grand Collar of the Order of Good Hope",,"Order of the Cross of Terra Mariana, 1st Class","St. George's Order of Victory","Order of State of Republic of Turkey","Ellis Island Medal of Honor","Grammy Award",,,,,,,,8754,,,3929fd27-6e23-4605-81a2-6e73159655f9,,,"William Jefferson Blythe III",AB,,,XX1085266,12375168h,,billclinton,a11696783,22309,,,,"Chelsea Clinton",,,,,34518,,"Bill Clinton",,"Bill Clinton",,29650787,,,"United States of America",,,bill-clinton,1946-08-19,,,"Lentapedia (full versions)","stated in = ; title = Клинтон, Билл",Lentapedia,"stated in = ; title = Клинтон, Билл",,,,,,,,201368,,,226634,,"Hot Springs High School","end time = 1964-01-01","Edmund A. Walsh School of Foreign Service","start time = 1964-01-01; end time = 1968-01-01; academic degree = Bachelor of Science","University College","start time = 1968-01-01; end time = 1970-01-01","Yale Law School","start time = 1970-08; end time = 1973-04; academic degree = Juris Doctor","Georgetown University",,,,000769903,,255663,"University of Arkansas",,"United Nations",,,,,,biography/Bill-Clinton,,,,,billclinton,,,88204,"William Jefferson Blythe, Jr.",,,,,/m/0157m,I00428383,,William,"series ordinal = 1",Jefferson,"series ordinal = 2",Bill,119063395,,0240585,,,,world/clinton,left-handedness,,,,,"Bill Clinton portrait (2015).jpg",,,,,,,,,nm0001051,,,,wjclibrary42,human,saxophone,"0000 0001 2096 7620",,,,English,German,,,n82029644,,vegetarianism,,,,,,,,"Collapsed lung","point in time = 2005-03-01","angina pectoris","point in time = 2010-02-11",,"Trilateral Commission","American Academy of Arts and Sciences","French-American Foundation","Phi Beta Kappa Society","Democratic Party",,,,,,,,,,"Virginia Clinton Kelley",00000020262,a11bd200-7f0b-43a6-b7fe-4ea04929a42b,"Bill Clinton",,000032533,,,102016194,English,,,00464673,,,jn20000700315,36058788,,,,427/000026349,,,,,,,n97700278,1,person/bill-clinton,jurist,politician,,lawyer,,diplomat,,autobiographer,writer,teacher,statesman,,,,"William Jefferson Clinton",http://www.clintonlibrary.gov/,,,,OL24421A,36949,120912,,,9120,,,,,,1204029,,,,Hope,,,,,,,pe/003351,bill-clinton,151681,"Arkansas Attorney General","start time = 1977-01-03; end time = 1979-01-09; replaces = Jim Guy Tucker","Governor of Arkansas","start time = 1979-01-09; end time = 1981-01-19; replaces = Frank D. White; replaced by = Jim Guy Tucker","Governor of Arkansas","start time = 1983-01-11; end time = 1992-12-12; replaces = Frank D. White; replaced by = Jim Guy Tucker","President of the United States of America","start time = 1993-01-20; end time = 2001-01-20; replaces = George H. W. Bush; replaced by = George W. Bush; series ordinal = 42; elected in 0 = United States presidential election, 1992; elected in 1 = United States presidential election, 1996",,,,,,3565,,,1225545,,Bill-Clinton,,,,,,,,,,,,,,,,,,,,,Baptist,,,,,,"Chappaqua, NY",,,,,,,,,,,,,,,,,,,celebrity/1061981-bill_clinton,"IT\ICCU\MILV\094368",43350,173992,male,253170,"Roger Clinton, Jr.",,"Leon Ritzenthaler",,,,,,,,,,,,,,"Bill Clinton signature2.png",,,,w6251gqr,149553,"Hillary Clinton","start time = 1975-10-11; place of marriage = Fayetteville",,,"Roger Clinton, Sr.","Jeff Dwire",,031695582,bill_clinton,"Category:Bill Clinton",,,,BillClinton,,,,,,,,,,,102338519,,,William_Clinton_(4),Blythe-6,"Washington, D.C.",,,person/C/bill-clinton/6326,,,17051
Q76,"Bachelor of Arts","Juris Doctor",p504337,233518,,,"Nobel Peace Prize","point in time = 2008; statement is subject of = 2009 Nobel Peace Prize; prize money = 10000000","Grammy Award for Best Spoken Word Album","point in time = 2006-02-08; for work = The Audacity of Hope","Presidential Medal of Distinction","point in time = 2013-03-21; conferred by = Shimon Peres","Time Person of the Year","point in time = 2007","Time Person of the Year","point in time = 2011","Grammy Award for Best Spoken Word Album","point in time = 2004; for work = Dreams from My Father","NAACP Image Award for Outstanding Literary Work, Nonfiction","point in time = 2006; for work = The Audacity of Hope","NAACP Image Award – Chairman's Award","point in time = 2004","German Media Award","point in time = 2015","Order of Abdulaziz al Saud",,"Order of Sikatuna",,,,,,,,,,,,,,,,,,,,,,,,,03330021n,Barack_Obama,5e519ba4-2594-4118-a641-cdf75cd8ce46,71953,,"Barack Hussein Obama II",AB,,000710697,XX4663545,15591663c,185100,barackobama,a10484401,,,,,"Malia Obama","Natasha Obama",,,,176692,DA1624368X,"Barack Obama","Barack Obama","Barack Obama",,128417123,,,"United States of America","statement disputed by = Barack Obama citizenship conspiracy theories",,barack-obama,1961-08-04,,"Situation Room","Lentapedia (full versions)","stated in = ; title = Обама, Барак",Lentapedia,"stated in = ; title = Обама, Барак","Larousse Encyclopedia online","section, verse, or paragraph = Barack Hussein Obama","Great Encyclopedia of Cyril and Methodius",Krugosvet,49487,2004263,,1252891,Regional/North_America/United_States/Government/Executive_Branch/President/POTUS_Barack_Obama/,"language of work or name = English",,n0019743,"State Elementary School Menteng 01","start time = 1970-01-01; end time = 1971-01-01","Punahou School","start time = 1971-01-01; end time = 1979-01-01","Occidental College","start time = 1979-01-01; end time = 1981-01-01","Columbia University","start time = 1981-01-01; end time = 1983-01-01; academic degree = Bachelor of Arts; academic major 0 = political science; academic major 1 = international relations","Harvard Law School","start time = 1988-01-01; end time = 1991-01-01; academic degree = Juris Doctor","Noelani Elementary School","end time = 1967; start time = 1966",002618737,4548680,,"Business International Corporation","start time = 1982; end time = 1983; position held = Assistant manager","New York Public Interest Research Group","start time = 1984; end time = 1984","Gamaliel Foundation","Sidley Austin","start time = 1990; end time = 1990","University of Chicago",biography/Barack-Obama,"African Americans","Multiracial American","Luo people of Kenya and Tanzania","Kenyan American",barackobama,,Obama,348231,"Barack Obama, Sr.",,,person/Barack+Obama-870312,,/m/02mjmr,I00489501,Barack-H-Obama-44th-President-of-the-USA/6000000010349180549,Barack,"series ordinal = 1",Hussein,"series ordinal = 2",,132522136,+BarackObama,0421865,,3990641,137810,us-news/barack-obama,left-handedness,Bo,Sunny,1.85,"point in time = 2016-02","President Barack Obama.jpg","point in time = 2012-12-06; media legend 0 = Official photograph of President Barack Obama; media legend 1 = Offizielles Porträtfoto von US-Präsident Barack Obama; media legend 2 = Fotografia ufficiale del Presidente Barack Obama; media legend 3 = Portrait officiel en tant que président des États-Unis; media legend 4 = الصورة الرسمية للرئيس باراك أوباما; media legend 5 = Retrat oficial del President Barack Obama; media legend 6 = Præsident Barack Obamas officielle fotografi; media legend 7 = President Barack Obamas offisielle portrettfotografi; media legend 8 = Ο πρόεδρος Μπαράκ Ομπάμα στο προεδρικό γραφείο.",,,,,,,,nm1682433,"Nipsey Russell","Reinhold Niebuhr","Saul Alinsky",barackobama,human,,"0000 0001 2133 1026",,,1020D2532,English,Indonesian,,84080,n94112934,no2008168642,,https://www.linkedin.com/in/presidentbarackobama,000156760,,175,"point in time = 2016-02",180,"point in time = 2013","gastroesophageal reflux disease",,,,,,,,,"Democratic Party",,,,person/barack-obama,,,commander-in-chief,"start time = 2009-01-20; end time = 2017-01-20; partially coincident with = presidency of Barack Obama",barack-obama,"Ann Dunham",00000025079,0de4d19f-05c8-4562-a3c0-7abdc144f1d5,"Barack Obama",,000285010,,,287770850,English,"has dialect = American English",1208890,01112565,barack-obama,Barry,js20070608010,44067442,808880,A20959096,RUNLRAUTH7778812,208/000055043,peace/laureates/2009/obama,"Grammy Award for Best Spoken Word Album","point in time = 2004; for work = Dreams from My Father","NAACP Image Award for Outstanding Literary Work, Nonfiction","point in time = 2006; for work = The Audacity of Hope",000485553,n2008121471,2,person/barack-obama,politician,lawyer,"start time = 1990","political writer","start time = 1994","community organizer","start time = 1984; end time = 1987; employer = Developing Communities Project",statesman,,,,,,,,https://barackobama.com/,http://www.whitehouse.gov/administration/president_obama/,3575c9ba05d8861e8ac99ec3fe1eefd7b60862f9,,OL529531A,28687,43347,,,7592,N00009638,vi1s2t5miazv,"109th United States Congress","110th United States Congress","Congressional Black Caucus",1460047,barack-obama,,,"Kapiolani Medical Center for Women and Children","located in the administrative territorial entity = Hawaii",,,,,,,barack-obama,294726,"President of the United States of America","start time = 2009-01-20; replaces = George W. Bush; statement is subject of = presidency of Barack Obama; series ordinal = 44; elected in 0 = United States presidential election, 2008; elected in 1 = United States presidential election, 2012; end time = 2017-01-20; replaced by = Donald Trump","United States senator","electoral district = Illinois; start time = 2005-01-03; end time = 2008-11-16; statement is subject of = United States Senate career of Barack Obama; replaces = Peter Fitzgerald; replaced by = Roland Burris; elected in = United States Senate election in Illinois, 2004","member of the State Senate of Illinois","start time = 1997-01-08; end time = 2004-11-04; replaces = Alice Palmer; replaced by = Kwame Raoul; statement is subject of = Illinois Senate career of Barack Obama",,,,,,,9884146,32943,En-us-Barack-Hussein-Obama.ogg,"language of work or name = American English",1378719,1470399,Barack-Obama-politician,Barack-Obama-44,PresidentObama,"Stanley Armour Dunham","type of kinship = grandfather",,,,,,,,,,,,,,,,,Protestantism,,"congregational church","end time = 2007","Congregationalist polity","United Church of Christ","White House","start time = 2009-01-20; end time = 2017-01-20",Tebet,"start time = 1967; end time = 1970",Menteng,"start time = 1970; end time = 1970","Honolulu, HI","start time = 1970; end time = 1978","Los Angeles","start time = 1978; end time = 1980","Chicago, IL","start time = 1984; end time = 2009-01-20","New York City, NY","start time = 1980; end time = 1984",Jakarta,Kalorama,"start time = 2017-01-20",424232,132941,celebrity/barack_obama,"IT\ICCU\UMCV\307371",,314463,male,,"Auma Obama","type of kinship = paternal half-sister","Maya Soetoro-Ng","type of kinship = maternal half-sister","Bernard Obama","type of kinship = paternal half-brother","George Hussein Onyango Obama","type of kinship = paternal half-brother","Mark Okoth Obama Ndesandjo","type of kinship = paternal half-brother","David Ndesandjo","type of kinship = paternal half-brother","Abo Obama","type of kinship = paternal half-brother","Malik Obama","type of kinship = paternal half-brother","Barack Obama signature.svg","first inauguration of Barack Obama","second inauguration of Barack Obama",,,325677,"Michelle Obama","start time = 1992-10-03; place of marriage = Trinity United Church of Christ",,,"Lolo Soetoro",,PresidentObama,118177257,,"Category:Barack Obama","Template:Barack Obama","Portal:Barack Obama",people/barack-obama,BarackObama,"instance of = verified account; start time = 2007-02",POTUS44,"instance of = verified account; start time = 2013-05; end time = 2017-01-20; end cause = United States presidential election, 2016",500404040,O000167,P80003338,S4IL00180,,"tobacco smoking","end time = 2009",52010985,360145857918723020242,9490,Barack_Obama_(2),Obama-2,"Washington, D.C.","Chicago, IL",,,UCdn86UYrf54lXfVli9CB6Aw,"website username = BarackObamadotcom",50934
Q9960,,,p59108,9534,"Ronald Reagan Presidential Library",ronald-reagan,"Honorary citizen of Berlin",,"Knight Grand Cross of the Order of the Bath",,"Order of the White Eagle",,"Order of the White Lion",,"Francis Boyer Award","point in time = 1987","Presidential Medal of Freedom","point in time = 1992","Congressional Gold Medal",,"California Hall of Fame","point in time = 2006-01-01","Doublespeak Award",,"Theodore Roosevelt Award",,"Horatio Alger Award",,"Labor Hall of Honor","point in time = 2017-01-01","Order of the Chrysanthemum",,,,,,,,,,,,,,,,,,,,228965,,"Ronald Reagan",,,,"Ronald Wilson Reagan",O,000047361,,XX1025345,11921304q,43226,ronaldreagan,a11190589,,pneumonia,"statement is subject of = death and state funeral of Ronald Reagan","Alzheimer's disease","Maureen Reagan","Michael Reagan","Patti Davis","Ron Reagan",,,,"Ronald Reagan",,"Ronald Reagan","World War II",,,,"United States of America",,117063,,1911-02-06,2004-06-05,,,,,,,,,,,,,226283,,,232403,,"Dixon High School",,"Eureka College","academic major 0 = sociology; academic major 1 = economics; end time = 1932",,,,,,,,,,,235840,,,,,,,,,biography/Ronald-Reagan,,,,,,,Reagan,36392,"Jack Reagan","Ronald Reagan filmography",c7a2c6fd9580429cb6fd5c866d941a76,,4244,/m/06c0j,I00385560,,Ronald,,Wilson,,,118598724,,0054505,ronaldreagan,,144918,world/ronald-reagan,ambidexterity,,,,,"Official Portrait of President Reagan 1981.jpg",,,,,,,,"The Reagan Library memorial site where President Reagan was buried.jpg",nm0001654,,,,,human,,"0000 0001 2140 0474",,56948,,English,,,,n79059562,,,,,"natural causes",,,,,"Alzheimer's disease","start time = 1994-08-01",,,,"Tau Kappa Epsilon",,,,"Republican Party","start time = 1962-01-01; end time = 2003","Democratic Party","end time = 1962-01-01",,"United States Army","start time = 1937-01-01; end time = 1945-01-01",captain,,,"Nelle Wilson Reagan",,f7d8abe8-c693-4514-92e1-7d62275d3a51,"Ronald Reagan",,000631961,000614578,mp147312,068638604,English,,,00453805,ronald-reagan,,jn19990006873,36591309,,,,359/000022293,,,,,,,,4,person/ronald-reagan,"television actor","film actor",,politician,,autobiographer,,"character actor",screenwriter,soldier,actor,"trade unionist","radio personality",statesman,,,,,"Reagan, Ronald",OL219349A,175708,,,,7669,,,,,,1309706,,,,"Tampico, IL",,,,"Bel Air","Ronald Reagan Presidential Library",California,pe/014241,,103762,"Governor of California","start time = 1967-01-02; end time = 1975-01-06; replaces = Pat Brown; replaced by = Jerry Brown; statement is subject of = Governorship of Ronald Reagan; series ordinal = 33","President of the United States of America","start time = 1981-01-20; end time = 1989-01-20; replaces = Jimmy Carter; statement is subject of = Presidency of Ronald Reagan; replaced by = George H. W. Bush; series ordinal = 40",,,,,,,,,,1671,,,,,Ronald-Reagan,,,,,,,,,,,,,,,,,,,,,Presbyterianism,,,,,,"Rancho del Cielo",,,,,,,,,,,,,,,,,,,celebrity/ronald_reagan,,13545,237204,male,168633,"Neil Reagan",,,,,,,,,,,,,,,,"Ronald Reagan Signature2.svg",,,,w6qj7fwj,436089,"Nancy Reagan","end time = 2004-06-05; start time = 1952-03-04; place of marriage = San Fernando Valley","Jane Wyman","end time = 1949; start time = 1940-01-26; place of marriage = Glendale",,,,027091775,,"Category:Ronald Reagan",,,,,,,,,,,,,,,76321889,,,Ronald_Reagan_(1),Reagan-1,,,,,,,891
Q207,,,p301705,102376,,,"Order of the Three Stars, 1st Class",,"Order of the Star of Romania",,"Golden Raspberry Award for Worst Screen Couple/Ensemble","point in time = 2003; for work = Fahrenheit 9/11; winner = Condoleezza Rice","Doublespeak Award",,,,,,,,,,,,,,,,,,,,,,,,,,,,,,,,,,,,,,172585,,,,,,"George Walker Bush",O,,,XX1601283,135678148,147471,,a10808255,,,,,"Barbara Pierce Bush","Jenna Bush Hager",,,,19435,,"George W. Bush",,"George W. Bush",,18766179,"crime against humanity","point in time = 2011-10; statement is subject of = Kuala Lumpur War Crimes Commission","United States of America",,,,1946-07-06,,,"Lentapedia (full versions)","stated in = ; title = Буш, Джордж, младший",Lentapedia,"stated in = ; title = Буш, Джордж, младший",,,,,,,,152980,,,162115,,"The Kinkaid School","start time = 1959-01-01; end time = 1961-01-01","Phillips Academy","start time = 1961-01-01; end time = 1964-01-01","Yale College","start time = 1964-01-01; end time = 1968-01-01; academic degree = Bachelor of Arts","Harvard Business School","start time = 1973-01-01; end time = 1975-01-01; academic degree = Master of Business Administration","Harvard University",,,,002654026,,1424193,,,,,,,,,biography/George-W-Bush,,,,,,"Bush family",Bush,363849,"George H. W. Bush",,,,,/m/09b6zr,I00366455,,George,,Walker,,,12145391X,,0248948,,1891786,,us-news/george-bush,right-handed,,,,,George-W-Bush.jpeg,,,,,,,,,nm0124133,,,,,human,,"0000 0001 2102 267X",,,,"American English",English,Spanish,48982,no95049848,,,,000138016,,,,,,,,,,,,,,,"Republican Party",,,,,"United States Air Force",,,,,"Barbara Bush",00000022816,06564917-bdd2-4fb6-bcdc-be9e0c04f7ac,"George W. Bush",,000026852,,,220363684,English,,,00826244,,,jo20010084899,49867118,,A25201207,RUNLRAUTH7718780,360/000022294,,,,,,000295407,n01016676,2,person/george-w-bush,politician,"motivational speaker",,autobiographer,,painter,,"rugby union player","military officer",statesman,,,,,,https://www.whitehouse.gov/1600/presidents/georgewbush,,1316042c-f908-4e67-9c66-70c8eea5016d,"Bush, George W. (George Walker), 1946-",OL32375A,156842,170444,175709,175710,4618,,,,,,1506933,,,,"New Haven",,,,,,,pe/002814,george-w-bush,184999,"Governor of Texas","start time = 1995-01-17; end time = 2000-12-21; replaces = Ann Richards; replaced by = Rick Perry","President of the United States of America","start time = 2001-01-20; end time = 2009-01-20; replaces = Bill Clinton; replaced by = Barack Obama; series ordinal = 43",,,,,,,,,,1674,,,,,George-W-Bush,,,,,,,,,,,,,,,,,,,,,"United Methodist Church","start time = 1977-01-01","Episcopal Church","end time = 1977-01-01",,,"Dallas, TX",,,,,,,,,,,,,,,,,,,celebrity/george_w_bush,,17242,222343,male,309101,"Dorothy Bush Koch",,"Marvin P. Bush",,"Jeb Bush",,"Neil Bush",,,,,,,,,,"GeorgeWBush Signature.png",,,,w6gf0rfk,,"Laura Bush","start time = 1977-11-05",,,,,,052602087,,"Category:George W. Bush",,"Portal:George W. Bush",,,,,,,,P00000455,,10575180,,,71559485,,,George_Bush_(3),Bush-4,"Austin, TX","Washington, D.C.",,person/B/george-w-bush/5369,,,19920
Q19673,"Bachelor of Arts",,,,,,"Nobel Peace Prize","point in time = 2006; statement is subject of = 2007 Nobel Peace Prize; together with = Intergovernmental Panel on Climate Change; prize money = 5000000","Primetime Emmy Award",,"Webby Lifetime Achievement Award","point in time = 2004","Princess of Asturias Award for International Cooperation","point in time = 2006","Giuseppe Motta Medal","point in time = 2009-01-01","Champions of the Earth","point in time = 2007-01-01","James Parks Morton Interfaith Award",,"NAACP Image Award – Chairman's Award",,"James Madison Award","point in time = 1992","Internet Hall of Fame","point in time = 2011","Dan David Prize","point in time = 2008-01-01","Roger Revelle Prize","point in time = 2008","Sierra Club John Muir Award","point in time = 2007-01-01",,,"Honorary doctor of the Hebrew University of Jerusalem",,,,,,,,,,,,,,,,,,,,21826,,"Albert Arnold Gore",,,,XX1084964,12303782s,,albertgore,a10352181,,,,,"Kristin Gore","Karenna Gore Schiff",,,,,,"Al Gore",,"Al Gore",,55308387,,,"United States of America",,,,1948-03-31,,,Lentapedia,"stated in = ; title = Гор, Альберт",,,,,,,,,"Albert Arnold Gore",2258573,,,163072,,"Harvard College",,"Vanderbilt University",,,,,,,,,,,,,"University of California, Los Angeles",,,,,,,,biography/Al-Gore,,,,,algore,,Gore,184143,"Albert Arnold Gore",,,,,/m/0d05fv,I00509826,,Al,,Albert,,Arnold,118900463,+AlGore,,,,,,left-handedness,,,1.85,,"Al Gore, Vice President of the United States, official portrait 1994.jpg","point in time = 1993","05 04 RFC WDC 6jun98.jpg","point in time = 1997",Sengore.jpg,"point in time = 1984; latest date = 1992-12","Al Gore at SapphireNow 2010 cropped.jpg","point in time = 2009",,nm0330722,,,,,human,,"0000 0001 2283 3650",,,,English,,,,n86130265,,,,,,,,,,,,,,,"American Academy of Arts and Sciences",,,,"Democratic Party",,,,,"United States Army",,private,,,"Pauline LaFon Gore",00000020356,8fa9593d-1193-4ceb-bc49-5bdc8cf58b2a,"Al Gore",69707,,,,100033571,English,,,00467362,,,jn20000602117,35959502,,,,499/000023430,peace/laureates/2007/gore,,,,,,,4,person/al-gore,politician,financier,,businessperson,,journalist,,,,,,,,,,http://www.algore.com/,,,,OL2660359A,,,,,,,,,,,,al-gore,,,"Washington, D.C.",,,,,,,,al-gore,,"United States senator","electoral district = Tennessee; start time = 1985-01-03; end time = 1993-01-02; replaces = Howard Baker; replaced by = Harlan Mathews","United States representative",,"Vice President of the United States","start time = 1993-01-20; replaces = Dan Quayle; end time = 2001-01-20; replaced by = Dick Cheney; statement is subject of = Vice presidency of Al Gore; series ordinal = 45","Apple Inc.","position held = board member",,,,,,,,,,,Al-Gore,,,,,,,,,,,,,,,,,,,,,,,,,,,"Rancho Mirage",,,,,,,,,,,,,,,,,,,celebrity/al-gore,"IT\ICCU\MILV\094371",,313117,male,,"Nancy Gore Hunger",,,,,,,,,,,,,,,,"Al Gore Signature 3.svg","Al Gore presidential campaign, 2000","Vice presidency of Al Gore","Al Gore presidential campaign, 1988",w6ks6ppj,,"Tipper Gore","start time = 1970; end time = 2009",,,,,,031911188,al_gore,"Category:Al Gore",,,,algore,,,,500251202,G000321,P80000912,,10571513,,,98777888,,,Albert_Gore_(5),Gore-330,"Washington, D.C.",,,,UCdRi75xAXZMjpu7ZhZGvz8A,,
Q23685,,,p291274,198673,"Jimmy Carter Library and Museum",,"Nobel Peace Prize","point in time = 2002-01-01; prize money = 10000000","Presidential Medal of Freedom",,"United Nations Prize in the Field of Human Rights","point in time = 1997","Félix Houphouët-Boigny Peace Prize","point in time = 1994-01-01","Congressional Space Medal of Honor",,"Indira Gandhi Prize","point in time = 1996","Four Freedoms Award - Freedom Medal",,"Philadelphia Liberty Medal",,"American Peace Award","point in time = 2008","Delta Prize for Global Understanding",,"International Mediation medal","point in time = 1978","Ansel Adams Award","point in time = 1981","Catalonia International Prize","point in time = 2009","Fulbright Prize","point in time = 1993","Hoover Medal","point in time = 1997","Albert Schweitzer Prize for Humanitarianism","point in time = 1986","Ellis Island Medal of Honor","National Defense Service Medal","American Campaign Medal","World War II Victory Medal","Order of the Nile","Order of Vasco Núñez de Balboa","Order of Manuel Amador Guerrero","Order of the Crown",,,"Audubon Medal","point in time = 1994-01-01",,,,,27336,14009520,"James Earl Carter, Jr.",A,,,XX935964,11895360f,,,a10060078,,,,,"Jack Carter","Amy Carter",,,,,,"Jimmy Carter",,"Jimmy Carter","World War II",,,,"United States of America",,,,1924-10-01,,,"Armenian Soviet Encyclopedia",,,,,,,,,,,1288332,,,182293,,"Georgia Southwestern State University",,"Georgia Institute of Technology",,"United States Naval Academy","end time = 1946; academic major = physics","Union College","start time = 1953",,,,,001509899,,,"Emory University",,,,,,,,,,,,,,,Carter,31823,"James Earl Carter, Sr.",,,,6734,/m/042kg,I00382187,,Jimmy,,,,,118519336,,,,2049373,,us-news/jimmy-carter,right-handed,,,,,"James E. Carter - portrait.jpg",,JimmyCarterPortrait2.jpg,"media legend = Retrat oficial de Jimmy Carter","Jimmy Carter.jpg",,,,,nm0141699,,,,,human,,"0000 0001 2144 6958","0000 0003 6960 3101",,,English,Spanish,,,n79021791,,,,,,,,,,,,,,,"Sons of the American Revolution","American Academy of Arts and Sciences",,,"Democratic Party",,,,,"United States Navy","military rank = lieutenant",lieutenant,,,"Lillian Gordy Carter",00000014585,74a3d3d7-1292-4f6f-8d64-7092392bbde6,"Jimmy Carter",,000028858,,,068411669,English,,,00435428,,,jn20000700287,35026279,,,,386/000022320,peace/laureates/2002/carter,,,,,,n99009775,4,person/jimmy-carter,"military officer",diplomat,,novelist,,politician,,farmer,autobiographer,submariner,statesman,,,,,,,,,OL57418A,28713,119258,,,9122,,,,,,,jimmy-carter,,47681,"Plains, GA",,"Lillian G. Carter Nursing Center","stated as = Wise Sanitarium",,,,pe/003031,jimmy-carter,312681,"President of the United States of America","start time = 1977-01-20; end time = 1981-01-20; replaces = Gerald Ford; replaced by = Ronald Reagan; series ordinal = 39","Governor of Georgia","start time = 1971-01-12; end time = 1975-01-14; replaces = Lester Maddox; replaced by = George Busbee; series ordinal = 76",,,,,,,,,,,,,31096,,Jimmy-Carter,,,,,,,,,,,,,,,,,,,,,Baptist,,,,,,"Plains, GA",,,,,,,,,,,,,,,,,,,celebrity/jimmy_carter,,,180317,male,,"Billy Carter",,"Gloria Carter Spann",,"Ruth Carter Stapleton",,,,,,,,,,,,"JimmyCarterSignature commons.png",,,,w6db7zt0,,"Rosalynn Carter","start time = 1946-07-07; place of marriage = Plains, GA",,,,,,026769514,jimmy_carter,"Category:Jimmy Carter",,,,,,,,500238210,,,,,,,247888433,,,James_Carter_(92),Carter-1086,,,,,,,97618
Q23505,,,p9852,36461,"George Bush Presidential Library",,"Distinguished Flying Cross",,"Honorary citizen of Berlin",,"Knight Grand Cross of the Order of the Bath",,Eric-M.-Warburg-Award,"point in time = 2002-01-01","Order of the White Lion",,"Air Medal",,"Philadelphia Liberty Medal",,"Freedom Award",,"Robert Schuman Medal","point in time = 2014-01-01","Profile in Courage Award",,"Ronald Reagan Freedom Award",,"Jubilee Medal ""60 Years of Victory in the Great Patriotic War 1941–1945""",,"Presidential Medal of Freedom","point in time = 2010","Doublespeak Award",,"Theodore Roosevelt Award",,"World Golf Hall of Fame",,,"American Campaign Medal","Asiatic-Pacific Campaign Medal","World War II Victory Medal","Ellis Island Medal of Honor",,"Honorary doctor of the Ohio State University",,,,,,,,,,,,"George Herbert Walker Bush",O,,,,12173385t,,,a10808231,,,,,"George W. Bush","Jeb Bush","Neil Bush","Marvin P. Bush","Dorothy Bush Koch",,,"George H. W. Bush",,"George H. W. Bush","World War II",,,,"United States of America",,,,1924-06-12,,,"Armenian Soviet Encyclopedia",,,,,,,,,,,879473,,,,,"Greenwich Country Day School","end time = 1936-01-01","Phillips Academy","start time = 1936-01-01; end time = 1942-01-01","Yale University","start time = 1945-01-01; end time = 1948-01-01; academic degree = Bachelor of Arts",,,,,,,,,,,,,,,,,,biography/George-H-W-Bush,"Scotch-Irish American",,,,,,Bush,50051,"Prescott Bush",,,,4311,/m/034ls,I00154090,,George,,Herbert,,Walker,118844911,,0223702,,1891780,,,left-handedness,,,,,"43 George H.W. Bush 3x4.jpg",,,,,,,,,nm0124132,,,,,human,,"0000 0001 2145 8975",,,,English,,,,n80015879,,,,,,,,,,vomiting,"point in time = 1992-01-08; location = Japan; statement is subject of = George H. W. Bush vomiting incident",syncope,"point in time = 1992-01-08; location = Japan; statement is subject of = George H. W. Bush vomiting incident","Parkinson's disease","Trilateral Commission","Phi Beta Kappa Society","American Academy of Arts and Sciences",,"Republican Party",,,,,"United States Navy",,,,,"Dorothy Walker Bush",,f542595a-9b07-41ce-9d86-84bc191cf3b8,"George H. W. Bush",,,,,073807516,English,,,00464069,,,,35129403,,,,362/000022296,,,,,,,,6,,politician,"military personnel",,"baseball player",,diplomat,,aviator,entrepreneur,autobiographer,statesman,,,,,http://bushlibrary.tamu.edu/,,,,OL29239A,,,,,8964,,,,,,,,,,"Milton, MA",,,,,,,pe/002813,,,"United States representative","start time = 1967-01-03; end time = 1971-01-03; replaces = John Dowdy; replaced by = William Reynolds Archer","President of the United States of America","start time = 1989-01-20; end time = 1993-01-20; replaces = Ronald Reagan; replaced by = Bill Clinton; series ordinal = 41","Vice President of the United States","start time = 1981-01-20; end time = 1989-01-20; replaces = Walter Mondale; replaced by = Dan Quayle; series ordinal = 43","Director of Central Intelligence","start time = 1976-01-30; end time = 1977-01-20; replaces = William Colby; replaced by = Stansfield Turner","United States Ambassador to the United Nations","start time = 1971-03-01; end time = 1973-01-18; replaces = Charles Woodruff Yost; replaced by = John A. Scali","United States Ambassador to China","start time = 1974-09-26; end time = 1975-12-07; replaces = David K. E. Bruce; replaced by = Thomas S. Gates, Jr.",,1672,,,,,George-H-W-Bush,,,"Alexander Ellis III","type of kinship = nephew","John Prescott Ellis","type of kinship = nephew","Joe Ellis","type of kinship = nephew","Jonathan S. Bush","type of kinship = nephew","Billy Bush","type of kinship = nephew","George P. Bush","type of kinship = grandson","Barbara Pierce Bush","type of kinship = granddaughter","Jenna Bush Hager","type of kinship = granddaughter","Lauren Bush","type of kinship = granddaughter","Episcopal Church",,,,,,"Houston, TX",,,,,,,,,,,,,,,,,,,celebrity/george_bush,,,222342,male,,"Nancy Walker Bush Ellis",,"Jonathan Bush",,"William H. T. Bush",,"Prescott S. Bush, Jr.",,,,,,,,,,"George H. W. Bush signature.png",,,,w6rn35w2,,"Barbara Bush","start time = 1945-01-06",,,,,,030874394,,"Category:George H. W. Bush",,,,GeorgeHWBush,,,,500216109,B001166,,,,,,102345968,,,George_Bush_(2),Bush-7,"Washington, D.C.","Houston, TX",george-h-w-bush,person/B/george-hw-bush/5370,,,19919
Q1282411,,,,,,,,,,,,,,,,,,,,,,,,,,,,,,,,,,,,,,,,,,,,,,,,,,,,,Ed_Markey,,,,,,,,,,,,,,,,,,,,,,,,"Ed Markey",,,,,,,"United States of America",,,,1946-07-11,,,,,,,,,,,,,,,,,,,"Boston College Law School",,,,,,,,,,,,,,,,,,,,,,,biography/Ed-Markey,,,,,EdJMarkey,,,,,,,,,/m/028vr4,,,Ed,,,,,171847237,,,,,,,,,,,,"Ed Markey, Official Portrait, 112th Congress 2.jpg",,,,,,,,,,,,,,human,,,,,,English,,,,n82102103,,,,,,,,,,,,,,,,,,,"Democratic Party",,,,,,,,,,,,,"Ed Markey",,,,,,,,,,,,,,,,,038/000039918,,,,,,,,,,politician,lawyer,,,,,,,,,,,,,,http://www.markey.senate.gov,,,,,,,,,,N00000270,,,,,,,,,"Malden, MA",,,,,,,,edward-markey,,"United States representative","electoral district = Massachusetts's 5th congressional district; start time = 2013-01-03; end time = 2013-07-15; replaces = Niki Tsongas; replaced by = Katherine Clark","United States senator","start time = 2013-07-16; replaces = Mo Cowan; electoral district = Massachusetts","United States representative","electoral district = Massachusetts's 7th congressional district; start time = 1976-11-02; end time = 2013-01-03; replaces = Torbert Macdonald; replaced by = Mike Capuano",,,,,,,,,,,,,Ed-Markey,,,,,,,,,,,,,,,,,,,,,"Catholic Church",,,,,,,,,,,,,,,,,,,,,,,,,,,,,male,,,,,,,,,,,,,,,,,,,,,,,,,,,,,,,077812069,,,,,,senmarkey,,,,,M000133,H6MA07101,S4MA00028,,,,75201351,,26900,,Markey-212,"Washington, D.C.",,,,UCT1ujew5yQy2uMhGrjiKHoA,,
Q3182488,,,,,,,,,,,,,,,,,,,,,,,,,,,,,,,,,,,,,,,,,,,,,,,,,,,,,,,,,,,,,,12497806z,,,,,,,,,,,,,,,,,,,,,,"United States of America",,,,1963-10-12,,,,,,,,,,,,,,,,,,,"Belen Jesuit Preparatory School",,"University of Miami School of Law",,"University of Miami",,,,,,,,,,,,,,,,,,,,,,,,,,,55699,,,,,,/m/02rcmqb,,,Joe,,,,,,,,,,,,,,,,,JoeGarciaOfficialHeadshot.jpg,,,,,,,,,,,,,,human,,"0000 0000 5950 6859",,,,English,,,,n80067252,,,,,,,,,,,,,,,,,,,"Democratic Party",,,,,,,,,,,,,"Joe Garcia",,,,,,,,,,,,,,,,,,,,,,,,,1,,politician,lawyer,,,,,,,,,,,,,,,,,,,,,,,,,,,,,,,,,"Miami Beach, FL",,,,,,,,joe-garcia,,"United States representative",,,,,,,,,,,,,,,,,,Joe-Garcia-17,,,,,,,,,,,,,,,,,,,,,,,,,,,,,,,,,,,,,,,,,,,,,,,,,,male,,,,,,,,,,,,,,,,,,,,,,,,,,,,,,,034194878,,,,,,,,,,,G000573,H8FL25015,,,,,67762956,,124355,,,"Washington, D.C.",,,,,,
